personID,first,last,suffix,phone,address,town,state,postal_code,country,email
1,Rick,Addicks,,883-0365,185 Caribe Isle,Novato,CA,94949,USA,mail@rickaddicks.com
2,Giovanni,Agnoli,,650/307-9997,PO Box 417,Stinson Beach,CA,94970,USA,gio@agnoli.com
3,Val,Agnoli,,868-0553,PO Box 417,Stinson Beach,CA,94970,USA,val@agnoli.com
4,Vasco,Agnoli,,415/548-0295,PO Box 417,Stinson Beach,CA,94970,USA,vasco@agnoli.com
5,Christine,Airey,,868-0512,PO Box 453,Stinson Beach,CA,94970,USA,
6,Chuck,Alexander,,868-0428,190 Grove Rd,Bolinas,CA,94924,USA,chas-c@sbcglobal.net
7,Thomas,Allen,,415/990-0240,1703 Madrona Ave.,St Helena,CA,94574,USA,tallen@northbaymgt.com
8,John,Archibald,,415/250-7915,PO Box 132,Stinson Beach,CA,9497,USA,jl_archibald@yahoo.com
9,Raymond,Bagley,,415/522-2908,211 Paloma Ave.,San Rafael,CA,94901,USA,
10,Robert,Balzan,,415/883-8198 599-5616(M),527 Entrada Dr,Novato,CA,94949-5597,USA,lbalzan@sbcglobal.net
11,Bridget,Bartholome,,913/488-0684,PO Box 273,Bolinas,CA,94924,USA,bbshasta@gmail.com
12,Will,Bartlett,,408/707-8684,PO Box 712,Bolinas,CA,94924,USA,will@theyescollective.com
13,Lynda,Beigel,,868-1949,PO Box 170636,San Francisco,CA,94117,USA,
14,Eric,Besozzi,,868-1935,PO Box 118,Bolinas,CA,94924,USA,
15,Rick,Bettini,,868-2015,PO Box 854,Bolinas,CA,94924,USA,rickbettini22@gmail.com
16,David,Bider,,408/839-7381(h) 650/854-4154(w),25605 Fernhill Dr,Los Altos Hills,CA,94024,USA,david@cypressinvestments.com
17,Gabriel,Bider,,650/455-7978,25605 Fernhill Dr,Los Altos Hills,CA,94024,USA,gabebider@gmail.com
18,Julianne,Bider,,408/839-7381(h) 408/839-1284(w),25605 Fernhill Dr,Los Altos Hills,CA,94024,USA,juliannefb@comcast.net
19,Phil,Binley,,868-9636,PO Box 627,Bolinas,CA,94924,USA,philbinley@yahoo.com
20,Joel,Booth,,510/253-6813,PO Box 11,Bolinas,CA,94924,USA,joelbooth@hotmail.com
21,Ute,Bowes,,415/877-0111,1750 Taylor St. #2101,San Francisco,CA,94133-5443,USA,
22,Robert,Bransten,,415/264-9311,3370 Clay St.,San Francisco,CA,94118,USA,smileys70@hotmail.com
23,Marty,Brendel,,868-0268,PO Box 33,Bolinas,CA,94924,USA,mbrendel@hotmail.com
24,Molly,Brown,,415/298-1762,PO Box 809,Bolinas,CA,94924,USA,mollybrown777@gmail.com
25,Ned,Brown,,415/624-4026,2821 Steiner St,San Francisco,CA,94123,USA,4nedbrown@gmail.com
26,John,Bryant,,868-2425 415/435-4444,118B Main St.,Tiburon,CA,94920,USA,jwb@belvederelaw.com
27,Stockton,Buck,,786-8467,PO Box 892,Bolinas,CA,94924,USA,stocktonb@hotmail.com
28,Robert,Buckenmeyer,,868-9444 415/269-5415,412 Karla Ct.,Novato,CA,94949,USA,robert@dogtownmill.com
29,Sandra,Buckley,,707/363-0754,10 Canyon Rd. #57,Bolinas,CA,94924-0057,USA,sandrabuckley@att.net
30,Mark,Buell,,415/407-0702,PO Box 29921,San Francisco,CA,94129,USA,markwbuell@gmail.com
31,Susie,Buell,,868-2345,PO Box 29921,San Francisco,CA,94129,USA,susiebolinas@gmail.com
32,Kathy,Bustamante,,415/272-8432,PO Box 274,Bolinas,CA,94924,USA,kathybbustamante@gmail.com
33,Miguel,Bustamante,,868-0240,PO Box 975,Bolinas,CA,94924,USA,negroenbolinas@att.net
34,Angie,Calpestri,,415/233-1858,PO Box 752,Bolinas,CA,94924,USA,cbsolution@att.net
35,Ralph,Camiccia,,868-0528,PO Box 747,Bolinas,CA,94924,USA,rjc.bolinas@sbcglobal.net
36,Terry,Camiccia,,868-0528,PO Box 747,Bolinas,CA,94924,USA,tlc.bolinas@sbcglobal.net
37,Jon,Carlin,,868-1135,PO Box 417,Bolinas,CA,94924,USA,
38,Michael,Chadwick,,479-3376,22 E Allen St,Moab,UT,84532,USA,mpepple@berkeley.edu
39,Josh,Churchman,,868-0982,1 Opal Rd.,Bolinas,CA,94924,USA,josh.churchman@gmail.com
40,Gerry,Cirincione-Coles,,868-1108,PO Box 353,Bolinas,CA,94924,USA,gerry@mermaidhill.com
41,Kathryn,Cirincione-Coles,,868-1108,PO Box 353,Bolinas,CA,94924,USA,kathryn@mermaidhill.com
42,Jeffrey,Clapp,,510/332-3532,5804 College Ave,Oakland,CA,94618,USA,clappjef@gmail.com
43,Elmer,Collett,,868-1197,PO Box 522,Stinson Beach,CA,94970,USA,
44,Baird,Conner,,415/999-5769(m),836 Sonoma Blvd,Vallejo,CA,94590,USA,bconner746@gmail.com
45,Ezra,Conner,,415/902-3926,PO Box 131,Bolinas,CA,94924,USA,ezra@ezco.com
46,Jake,Cortez,,415/488-3807,355 Vine Rd. #821,Bolinas,CA,94924,USA,jake.cortez98@gmail.com
47,Tim,Cowman,,707/884-9936,PO Box 1112,Gualala,CA,95445,USA,
48,John,Cowperthwaite,,415/453-8642,10 Golf Lane,San Anselmo,CA,94960,USA,johngcowperthwaite@gmail.com
49,Jason,Crichfield,,415/308-5694,2279 5th Ave,San Rafael,CA,94901,USA,jcrichfield@gmail.com
50,Billy,Cummings,,868-0517,PO Box 151,Bolinas,CA,94924,USA,
51,Arianne,Dar,,868-8863 415/713-4519,PO Box 476,Bolinas,CA,94924,USA,ariannez.dar@gmail.com
52,Marjorie,DeGreeve,,868-0856 415/519-1779(m),2 Montecito Rd,San Rafael,CA,94901,USA,nssmarji@aol.com
53,Erin,Dell,,415/509-1988,PO Box 761,Bolinas,CA,94924,USA,
54,Karen,Dibblee,,868-9743,PO Box 365,Bolinas,CA,94924,USA,kmdibblee@gmail.com
55,Tom,Dibblee,,868-9743,PO Box 365,Bolinas,CA,94924,USA,tdibblee1@gmail.com
56,Jeremy,Dierks,,868-1938,PO Box 652,Bolinas,CA,94924,USA,
57,Gary,Differding,,868-0260,450 Aspen Box 46 Overlook,Bolinas,CA,94924,USA,
58,Kingston,Dixon,,415/858-2355,1614 Center Rd.,Novato,CA,94947,USA,kingstondixon42@gmail.com
59,Rupert,Dixon,,415/377-9581,1614 Center Road,Novato,CA,94947,USA,
60,Kirk,Dodd,,,123 Garden Rd,Shrewsbury,NJ,07702,USA,
61,Renée,Doe,,868-1718,PO Box 341,Bolinas,CA,94924,USA,reneedoe@sonic.net
62,Mark,Dolen,,868-0228 415/755-8355,PO Box 1072,Bolinas,CA,94924,USA,marksdolen@gmail.com
63,John,Donovan,,415/331-6313,610 Coloma St. #26,Sausalito,CA,94965,USA,johndonovancabinetry@gmail.com
64,Jay,Eickenhorst,,,8600 South Down Ln,River Ridge,LA,70123,USA,jay.eickenhorst@gmail.com
65,James,Ellis,,868-1648,PO Box 322,Stinson Beach,CA,94970,USA,ellis_94970@yahoo.com
66,Will,Felch,,(415)272-0402,PO Box 457,Stinson Beach,CA,94970,USA,wfelch@gmail.com
67,Leonardo,Ferlinghetti,,415/342-8647,18 Park Ave #614,Bolinas,CA,94924-0614,USA,leonardo.ferlinghetti@gmail.com
68,Gary,Ferrari,,868-1644 415/497-0092,PO Box 863,Occidental,CA,95465,USA,ferrari4996@gmail.com
69,Joseph,Ferraro,,415/640-1203,23 Starbuck Dr.,Muir Beach,CA,94965,USA,bofisherman@aol.com
70,Rudi,Ferris,,868-0762,PO Box 154,Bolinas,CA,94924,USA,ruferris@msn.com
71,Scott,Finney,,868-1679,PO Box 73,Bolinas,CA,94924,USA,scottfinney@hotmail.com
72,Michael,Fitzpatrick,,868-2254,PO Box 694,Bolinas,CA,94924,USA,m.fitz@att.net
73,Fletch,Fletcher,,868-2029,PO Box 346,Bolinas,CA,94924,USA,19frlfletcher51@gmail.com
74,Perry,Fly,,868-1896,PO Box 331,Bolinas,CA,94924,USA,
75,Albert,Foreman,,415/509-1997,PO Box 761,Bolinas,CA,94924,USA,alb4man@mac.com
76,Paul,Fradelizio,,868-1488,PO Box 147,Fairfax,CA,94978,USA,
77,Anna,Gade,,868-8875,PO Box 147,Bolinas,CA,94924,USA,uc_anna@sbcglobal.net
78,Marco,Garcia,,415/350-7709,PO Box 583,Bolinas,CA,94924,USA,msanchezgarcia567@gmail.com
79,Dotty,Garone,,,,Bolinas,CA,94924,USA,
80,Peter,Gleckler,,415/596-0041,PO Box 174,Bolinas,CA,94924,USA,pjgleckler@gmail.com
81,Kimberly,Goosherst,,415/362-6171,36 Darrell Place,San Francisco,CA,94133,USA,kimberly@bluegooseevents.com
82,Melinda,Griffith,,868-0876,1977 Gaspar Dr,Oakland,CA,94611,USA,melinda.griffith@gmail.com
83,Chrysanthe,Gussis,,415/595-7110,554 44th Avenue,San Francisco,CA,94121,USA,chrysanthe@gmail.com
84,July,Guzman,,415/653-9064,PO Box 583,Bolinas,CA,94924,USA,guzman.bo.july@gmail.com
85,Ed,Hansen,,510/741-8966(h) 415/497-4044(m),937 Jones Ave,Pinole,CA,94564,USA,halfmilehnsn@earthlink.net
86,Remick,Hart,,925/784-9699,PO Box 142,Bolinas,CA,94924,USA,hartremick@gmail.com
87,Jen,Hatch,,868-9491 415/302-8537,11 Altamira Ave.,Kentfield,CA,94904,USA,jennyjen29@gmail.com
88,Robert,Heffelfinger,,868-1522,PO Box 355,Bolinas,CA,94924-0355,USA,dingo8.bob@gmail.com
89,Susan,Hewlett,,868-1134 415/497-0877,PO Box 420,Bolinas,CA,94924,USA,shewlett42@gmail.com
90,Mark,Jacobsen,,415/717-3765,PO Box 436,Bolinas,CA,94924,USA,me.jakie@sbcglobal.net
91,Eric,Joost,,707/292-5620,10 Canyon Ave #57,Bolinas,CA,94924-0057,USA,eric@ejoost.com
92,Peter,Joost,,415/749-1600,2970 Broadway St.,San Francisco,CA,94115,USA,Lindsay@joostfam.com
93,Lloyd,Kahn,,868-0280,PO Box 121,Bolinas,CA,94924,USA,lloyd@shelterpub.com
94,Shervin,Kheradpir,,,36 Darrell Place,San Francisco,CA,94133,USA,skheradp@pacbell.net
95,Kent,Khtikian,,868-9506,PO Box 948,Bolinas,CA,94924,USA,khtikianlaw@gmail.com
96,James_(Kirk),Kirkham,,415/922-4969,2239 Green St,San Francisco,CA,94123,USA,singloudly@aol.com
97,Alex,Kleider,,250/597-4686 650/269-8936(m),3727 Cavin Rd.,Duncan,BC,V9L 6T2 Canada,Canada,alex@kleider.ca
98,June,Kleider,,868-0722(h) 415-215-0722(m),PO Box 277,Bolinas,CA,94924,USA,jkleider@sonic.net
99,Andrew,Kleinberg,,868-1320 415/497-7163(m),PO Box 36,Bolinas,CA,94924,USA,andrewkleinberg@sbcglobal.net
100,Lauri,Knowles,,868-2960,PO Box 433,Bolinas,CA,94924,USA,laurimarin411@gmail.com
101,Robbie,Knowles,,868-2960,PO Box 172,Bolinas,CA,94924,USA,
102,Harriet,Kossman,,868-1365,PO Box 1,Bolinas,CA,94924,USA,harrietkossman@gmail.com
103,Alex,Kovach,,415/444-6951,PO Box 411,Bolinas,CA,94924,USA,afk868@gmail.com
104,George,Krakauer,,415/847-9888,PO Box 143,Bolinas,CA,94924,USA,georgekrakauer@aol.com
105,Tomas,Krakauer,,868-9888 415/828-0078(m),PO Box 143,Bolinas,CA,94924,USA,tomaskrakauer@gmail.com
106,Jeannie,Krese,,868-2628,PO Box 97,Bolinas,CA,94924,USA,skyewalker@att.net
107,Nicholas,Krieger,,415/847-5489,416 Viewpark Crt,Mill Valley,CA,94941,USA,nick@surfbolinas.com
108,Rodney,Krieger,,868-1778,53 Overlook,Bolinas,CA,94924,USA,box53@sbcglobal.net
109,Paul,Krohn,,530/342-2926,PO Box 522,Bolinas,CA,94924,USA,paulfkrohn@gmail.com
110,Leslie,Kruth,,868-9780 650-678-9253(m),5855 Highway One,Bolinas,CA,94924,USA,leskruth@gmail.com
111,Jack,Ladd,,415/939-0508,148 Jordan Ave.,San Francisco,CA,94118,USA,jackladd4@gmail.com
112,Lee,Lenz-Fontan,,415/272-5420,PO Box 1069,Bolinas,CA,94924,USA,lllpsj@yahoo.com
113,Mike,Light,,415/285.2926,PO Box 460428,San Francisco,CA,94146,USA,mike@michaellight.net
114,Bobbi,Likover,,415/302-7176,PO Box 312,Bolinas,CA,94924,USA,bjlikover@gmail.com
115,Kevin,Lorne,,868-0785 415/850-7246(m),PO Box 863,Stinson Beach,CA,94970,USA,klorne@presidiotrust.gov
116,Mollie,Lounibos,,868-2377,PO Box 55,Bolinas,CA,94924,USA,mwlounibos@gmail.com
117,Stephen,Lowry,,868-9643,PO Box 147,Stinson Beach,CA,94970,USA,lowryconstructioninc@gmail.com
118,Matthew,Lundy,,628/888-4630,PO Box 983,Bolinas,CA,94924,USA,lundy@kleico.net
119,John,Maalis,,530/570-9108,PO Box 405,Bolinas,CA,94924,USA,maalis@bolinaslandtrust.org
120,Bob,MacDonald,,415/415-342-8770,235 Aspen/PO Box 186,Bolinas,CA,94924,USA,bob@solmetric.com
121,Ian,MacLaird,,415/816-2466 868-2954,PO Box 114,Bolinas,CA,94924,USA,pleasewriteian@hotmail.com
122,Jim,Macey,,760/876-5817,PO Box 131,Keeler,CA,93530,USA,keeler131p@icloud.com
123,Desiree,Mann,,415/233-2373,PO Box 542,Petaluma,CA,94953,USA,des.mann@yahoo.com
124,Ed,Mann,,999-3257(m),PO Box 897,Bolinas,CA,94924,USA,edshredmann@gmail.com
125,Jim,Marcus,,868-1470,PO Box 919,Bolinas,CA,94924,USA,jimmarcus8@gmail.com
126,Mindy,Marin,,868-2276 310-990-2116,PO Box 1050,Bolinas,CA,94924,USA,mindy@bluewaterranch.com
127,Monica,Martin,,415/305-4902(m),236 Collingwood St,San Francisco,CA,94114,USA,matm5000@yahoo.com
128,Peter,Martin,,499-8028,711 Del Ganado,San Rafael,CA,94903,USA,petemartin@comcast.net
129,Chris,Martinelli,,868-2377,PO Box 55,Bolinas,CA,94924,USA,martinellichris@gmail.com
130,Peter,Martinelli,,868-2313,PO Box 237,Bolinas,CA,94924,USA,
131,Mike,Matthews,,868-0802,PO Box 1096,Stinson Beach,CA,94970,USA,matthews@pacbell.net
132,Cindy,McCullagh,,415/902-8598,PO Box 350,Bolinas,CA,94924,USA,cindymccullagh@gmail.com
133,Eric,McDougall,,415/794-2300 868-9259,45 Wharf Road #662,Bolinas,CA,94924,USA,eric@mcdougall.com
134,Flicka,McGurrin,,397-2839,475 Francisco,San Francisco,CA,94133,USA,flicka@pier23cafe.com
135,Jeff,McPhail,,415/259-8055,1925 Francisco Blvd Eeast Suite 6,San Rafael,CA,94901,USA,jeff@jwmcphailinc.com
136,Don,Melendy,,868-9604,PO Box 562,Stinson Beach,CA,94970,USA,
137,Leslie,Melendy,,415/613-5239,PO Box 564,Stinson Beach,CA,94970,USA,lsmelendy@gmail.com
138,Buck,Meyer,,868-0277,PO Box 302,Stinson Beach,CA,94970,USA,blcmeyer@gmail.com
139,Laura,Miller,,415/297-9375,PO Box 421,Bolinas,CA,94924,USA,lauraleemiller25@gmail.com
140,Sandy,Monteko-Sherman,,415/305-3053,937 Ashbury St,San Francisco,CA,94117,USA,smonteko@gmail.com
141,Hector,Mora-Lopez,,415/300-7823,PO Box 941,Bolinas,CA,94924,USA,hectormora40@icloud.com
142,Christian,Morabito,,415/463-0899,254 Shoreline Hwy.,Mill Valley,CA,949415,USA,christian@hookfishco.com
143,Lorelei,Morris,,415/259-9638,PO Box 664,Bolinas,CA,94924,USA,loreleimorris@live.com
144,Don,Murch,,868-0921,140 Olema-Bolinas Rd,Bolinas,CA,94924,USA,dwmurch@gmail.com
145,Mickey,Murch,,415/858-4730,140 Olema-Bolinas Rd,Bolinas,CA,94924,USA,murchm@gmail.com
146,Walter,Murch, Jr,868-0683 415/518-0683,77 Olema-Bolinas Rd,Bolinas,CA,94924,USA,rubusberry@mac.com
147,Walter,Murch, Sr,868-0683,77 Olema-Bolinas Rd,Bolinas,CA,94924,USA,rubusberry@earthlink.net
148,Toby,Nemec,,415/302-2493,PO Box 855,Bolinas,CA,94924,USA,tobynemec1@gmail.com
149,Louisa,Newcomb,,868-9811 415/847-4483,PO Box 347,Bolinas,CA,94924,USA,louisamnewcomb@gmail.com
150,Wendel,Nicolaus,,868-1854 415/847-2139,PO Box 569,Ross,CA,94957,USA,wnicolaus@msn.com
151,Caleb,Norton,,415/419-7986,217 Birch Rd. #809,Bolinas,CA,94924,USA,caleb148@gmail.com
152,John,Norton,,415/706-3304,PO Box 809,Bolinas ,CA,94924,USA,jnortonandco@gmail.com
153,William,Norton,,415/747-1436,PO Box 809,Bolinas,CA,94924,USA,willie.brown109@gmail.com
154,Daniel,O'Connor,,415/302-1057,PO Box 828,Bolinas,CA,94924,USA,birgitoconnor@sbcglobal.net
155,Nick,O'Connor,,415/302-2908,PO Box 828,Bolinas,CA,94924,USA,nicholasjoconnor@yahoo.com
156,DJ,O'Neil,,415/806-0613,PO Box 29407,San Francisco,CA,94129,USA,dj@hubstrategy.com
157,Terry,O'Neil,,415/482-7992,115 Woodside,San Anselmo,CA,94960,USA,oniter4@aol.com
158,Tony,Onorato,,415/847-5070,PO Box 666,Bolinas,CA,94924,USA,kellyoboys@yahoo.com
159,Kenny,Paasch,,868-0882,39 Elm Rd,Bolinas,CA,94924,USA,kenbofish@yahoo.com
160,Richard,Pedemonte,,415/215-9277,30 Baywood Court,Fairfax,CA,94930,USA,rlpedemonte@yahoo.com
161,Sherry,Penzias,,415/203-0321,POBox 43,Stinson Beach,CA,94970,USA,spenzias@mac.com
162,Bill,Pierce,,868-1818,PO Box 921,Bolinas,CA,94924,USA,billygpierce@gmail.com
163,Yvonne,Pierce,,868-1818,PO Box 921,Bolinas,CA,94924,USA,bypierce@sbcglobal.net
164,Camille,Porter,,415/420-2389,161 Forest Lane,Berkeley,CA,94708,USA,camillefporter@gmail.com
165,Michael,Rafferty,,868-9049,PO Box 888,Bolinas,CA,94924,USA,harraff@mac.com
166,Chris,Rand,,,55 DeLuca Place,San Rafael,CA,94118,USA,randmachineworks415@gmail.com
167,Steve,Ratcliffe,,868-1442(h) 415 686-3060(m),PO Box 714,Bolinas,CA,94924,USA,sratclif@mills.edu
168,Don,Read,,510/409-4927,982 Santa Barbara Rd,Berkeley,CA,94707,USA,dread@well.com
169,Hilary,Read,,510/525-8491,982 Santa Barbara Rd,Berkeley,CA,94707,USA,hilaryannread@hotmail.com
170,Enzo,Resta,,415/272-8240,PO Box 420,Bolinas,CA,94924,USA,restastudios@gmail.com
171,Lorin,Rich,,415/233-0476,58 Overlook Dr.,Bolinas,CA,94924,USA,lowdeez.rich@gmail.com
172,Dan,Rickerd,,650/219-3832,125 San Francisco,Brisbane,CA,94005,USA,drickerd@sbcglobal.net
173,Kirsten,Ritchie,,510/207-9397,5810 McAndrew Dr.,Oakland,CA,94611,USA,ktritchie@gmail.com
174,Fred,Rodoni,,663-8249,PO Box 746,Pt Reyes Station,CA,94956,USA,fred.rodoni@gmail.com
175,Karin,Rosen,,650/243-8349(m),506 Tideway Drive,Alameda,CA,94501,USA,karinerosen@gmail.com
176,Suzanne,Royce,,707/473-8411 415/713-3091(m),205 Mountain View Drive,Healdsburg,CA,95448-4314,USA,suroy1@comcast.net
177,Randy,Rush,,707/484-2920,P O Box 345,Bolinas,CA,94924,USA,randolph@sonic.net
178,Don,Russo,,415/309-0705,210 Manor Dr,Mill Valley,CA,94941,USA,donrussosffd@aol.com
179,Peter,Sandmann,,868-0134,PO Box 608,Stinson Beach,CA,94970,USA,psandmann@gmail.com
180,Aenor,Sawyer,,868-0876,1977 Gaspar Dr,Oakland,CA,94611,USA,aenor.sawyer@gmail.com
181,Sam,Schow,,415/497-1613,PO Box 40346,San Francisco,CA,94140,USA,samschow@gmail.com
182,Jeff,Scutt,,868-1842,300 Overlook,Bolinas,CA,94924,USA,scutt@pacbell.net
183,Garrett,Seligman,,868-1421 925/852-1951,PO Box 565,Stinson Beach,CA,94970,USA,gvhs22@gmail.com
184,Judith,Shaw,,415/320-5003,PO Box 853,Bolinas,CA,94924,USA,judithshaw1935@gmail.com
185,Philippa,Shenandoah-Dooley,,415/259-8277,PO Box 821,Bolinas,CA,94924,USA,pippaforstyle@gmail.com
186,Jack,Siedman,,868-0997,PO Box 37,Bolinas,CA,94924,USA,jsiedman@yahoo.com
187,Helen,Sirica,,415/328-8136,2 Arrowwood Ave,Napa,CA,94558,USA,hsirica@aol.com
188,Don,Slack,,868-1921,PO Box 935,Stinson Beach,CA,94970,USA,slackjd@sbcglobal.net
189,Peter,Smith,,868-2194,PO Box 376,Bolinas,CA,94924,USA,boardsbypete@hotmail.com
190,Thornton,Smith,,868-1021,5925 Hwy 1,Dogtown,CA,94924,USA,pacsash@pacbell.net
191,Daniel,Speirn,,415/302-7717,PO Box 144,Fairfax,CA,94978,USA,dspeirn@yahoo.com
192,Allan,Sproul,,,238 Twin Oaks Way,Healdsburg,CA,95448,USA,acub22@comcast.net
193,Oscar,Steiner,,415/272-9277,PO Box 775,Bolinas,CA,94924,USA,oscarst@mac.com
194,Melinda,Stone,,415/816-3645 8971,PO Box 1144,Bolinas,CA,94924,USA,stone@usfca.edu
195,Joe,Straton,,868-8830,PO Box 66,Bolinas,CA,94924,USA,joestraton@hotmail.com
196,Eric,Swanson,,916-838-9324(m),5667 Rolling Oak Dr,Sacramento,CA,95821,USA,nanabopswans@sbcglobal.net
197,Bill,Tacherra,,868-1170,PO Box 2,Bolinas,CA,94924,USA,tacmac2100@gmail.com
198,Mark,Talucci,,868-9756,27 Tuttle Ave,Spring Lake,NJ,07762,USA,markt@thesakbrandgroup.com
199,Randall,Thompson,,925/708-6868,1615 Bonanza St #305,Walnut Creek,CA,94596,USA,tonnesson@aol.com
200,Dieter,Tremp,,868-8887,PO Box 749,Bolinas,CA,94924,USA,dietertremp@gmail.com
201,Janice,Tweedy,,415/706-3352 2672,PO Box 232,Bolinas,CA,94924,USA,janicetweedy@yahoo.com
202,Mike,Valan,,868-9684,4370 23rd St,San Francisco,CA,94114,USA,michaelnvalan@gmail.com
203,John,Vantress,,415/717-5992,39 Curtis Ave,San Rafael,CA,94901,USA,johnbvantress@gmail.com
204,Elizabeth,Vezzani,,408/497-9946,PO Box 1043,Bolinas,CA,94924,USA,lizvez20@gmail.com
205,Kirsten,Walker,,868-9585 415-699-0475,PO Box 653,Bolinas,CA,94924,USA,kirsten@kirstenwalker.biz
206,Emmanuelle,Waubant,,415/810-5103,PO Box 174,Bolinas,CA,94924,USA,ewaubant@gmail.com
207,Gregg,Welsh,,805-680-4887,38 S La Cumbre Rd #5,Santa Barbara,CA,93105,USA,greggwelsh@me.com
208,Hilary,Winslow,,415/246-5893(m) 2587,PO Box 576,Bolinas,CA,94924,USA,hilarywinslow@gmail.com
209,Thomas,Wredberg,,868-1240,PO Box 344,Bolinas,CA,94924,USA,tomwredberg@hotmail.com
210,Nancy,Zacher,,868-1074,PO Box 56,Bolinas,CA,94924,USA,nancyzacher@gmail.com
211,Bill,Jennings,,415/531-6829,77 Via La Cumbre,Greenbrae,CA,94904,USA,bjennings1@gmail.com
212,Harriet,Moss,,415/868-2730(h) 415/254-3492(m),5 Laurel Ave.,Stinson Beach,CA,94970-0553,USA,harriet@moss.net
213,Jonathan,Korty,,415/302-8394,184 Oak Manor Dr.,Fairfax,CA,94930,USA,jonathankorty@gmail.com
214,Willy,Ross,,415/717-1742,288 Larch Rd./POBox 1042,Bolinas,CA,94924,USA,wwrossbuild7@gmail.com
215,Elizabeth,Garone,,415/699-5810,3027 Ferside Blvd,Alameda,CA,94501,USA,liz@garone.com
216,Matthias,Horn,,510/589-2979,1937 Delaware St.,Berkeley,CA,94709,USA,matthornlandscaping@mac.com
217,Brett,DeSchepper,,510/393-3535,1031 Pamona Ave,Albany,CA,94706,USA,brettd@interweavers.com
218,Nicole,Skibola,,(415)328-1053,87 Brighton  # 568,Bolinas,CA,94924,USA,nskibola@gmail.com
219,Jonna,AlexanderGreen,,(612)751-4141,398 Dogwood Rd. #1063,Bolinas,CA,94924,USA,jonnaalexandergreen@gmail.com
220,Keith,Ciampa,,978/417-1014,136 Barbaree Way,Tiburon,CA,94920,USA,keithciampa@gmail.com
221,Daniel,Pelsinger,,415/652-4702(m),1768 Noe St,San Francisco,CA,949131,USA,dpelsinger@matpelbuilders.com
