statusID,key,text
1,a-,Application received without fee
2,a,Application complete but not yet acknowledged
3,a0,No meetings yet
4,a1,Attended one meeting
5,a2,Attended two meetings
6,a3,Attended three (or more) meetings
7,ai,"Inducted, needs to be notified"
8,ad,"Inducted & notified, membership pending payment of dues"
9,av,Vacancy ready to be filled pending payment of dues
10,aw,"Inducted & notified, awaiting vacancy"
11,am,New Member
12,be,Email on record being rejected
13,ba,Postal address => mail returned
14,h,Honorary Member
15,m,Current Member
16,i,Inactive (continuing to receive minutes)
17,r,Retiring/Giving up Club Membership
18,t,Membership terminated (probably non payment of fees)
19,w,Fees being waived
20,z1_pres,President
21,z2_vp,VicePresident
22,z3_sec,Secretary
23,z4_treasurer,Treasurer
24,z5_d_odd,Director- odd year Feb
25,z6_d_even,Director- even year Feb
26,zae,Application expired or withdrawn
27,zzz,No longer a member
28,zzd,Died recently
29,mc,Membership Chair
30,com,Committee member
